Workbook

Sheet 学习总览
A1: 2026 软件设计师 · 八周通关总览 | B1: 2026 软件设计师 · 八周通关总览 | C1: 2026 软件设计师 · 八周通关总览 | D1: 2026 软件设计师 · 八周通关总览 | E1: 2026 软件设计师 · 八周通关总览 | F1: 2026 软件设计师 · 八周通关总览 | G1: 2026 软件设计师 · 八周通关总览 | H1: 2026 软件设计师 · 八周通关总览 | I1: 2026 软件设计师 · 八周通关总览 | J1: 2026 软件设计师 · 八周通关总览 | K1: 2026 软件设计师 · 八周通关总览 | L1: 2026 软件设计师 · 八周通关总览
A2: 备考截止 2026-10-20｜目标：上午、下午稳定达到55分｜蓝色单元格代表需要你填写的数据 | B2: 备考截止 2026-10-20｜目标：上午、下午稳定达到55分｜蓝色单元格代表需要你填写的数据 | C2: 备考截止 2026-10-20｜目标：上午、下午稳定达到55分｜蓝色单元格代表需要你填写的数据 | D2: 备考截止 2026-10-20｜目标：上午、下午稳定达到55分｜蓝色单元格代表需要你填写的数据 | E2: 备考截止 2026-10-20｜目标：上午、下午稳定达到55分｜蓝色单元格代表需要你填写的数据 | F2: 备考截止 2026-10-20｜目标：上午、下午稳定达到55分｜蓝色单元格代表需要你填写的数据 | G2: 备考截止 2026-10-20｜目标：上午、下午稳定达到55分｜蓝色单元格代表需要你填写的数据 | H2: 备考截止 2026-10-20｜目标：上午、下午稳定达到55分｜蓝色单元格代表需要你填写的数据 | I2: 备考截止 2026-10-20｜目标：上午、下午稳定达到55分｜蓝色单元格代表需要你填写的数据 | J2: 备考截止 2026-10-20｜目标：上午、下午稳定达到55分｜蓝色单元格代表需要你填写的数据 | K2: 备考截止 2026-10-20｜目标：上午、下午稳定达到55分｜蓝色单元格代表需要你填写的数据 | L2: 备考截止 2026-10-20｜目标：上午、下午稳定达到55分｜蓝色单元格代表需要你填写的数据
A4: 计划总时长(h) | B4: 计划总时长(h) | C4: 计划总时长(h) | D4: 已完成时长(h) | E4: 已完成时长(h) | F4: 已完成时长(h) | G4: 时长完成率 | H4: 时长完成率 | I4: 时长完成率 | J4: 已完成天数 | K4: 已完成天数 | L4: 已完成天数
A5: =SUM(每日计划!G5:G67) -> 148.5 | D5: =SUM(每日计划!H5:H67) -> 56 | G5: =IFERROR(SUM(每日计划!H5:H67)/SUM(每日计划!G5:G67),0) -> 0.37710438 | J5: =COUNTIF(每日计划!I5:I67,"已完成") -> 22
A8: 上午最佳 | B8: 上午最佳 | C8: 上午最佳 | D8: 下午最佳 | E8: 下午最佳 | F8: 下午最佳 | G8: 双科通过次数 | H8: 双科通过次数 | I8: 双科通过次数 | J8: 待专项考点 | K8: 待专项考点 | L8: 待专项考点
A9: =IF(COUNT(模考记录!D5:D12)=0,"—",MAX(模考记录!D5:D12)) -> — | D9: =IF(COUNT(模考记录!E5:E12)=0,"—",MAX(模考记录!E5:E12)) -> — | G9: =COUNTIF(模考记录!G5:G12,"双科通过") -> 0 | J9: =COUNTIF(错题本!K5:K204,"是") -> 0
A12: 每周进度 | B12: 每周进度 | C12: 每周进度 | D12: 每周进度 | E12: 每周进度 | F12: 每周进度
A13: 周次 | B13: 计划时长 | C13: 实际时长 | D13: 时长完成率 | E13: 完成天数 | F13: 状态
A14: 第1周 | B14: =SUMIF(每日计划!C5:C67,A14,每日计划!G5:G67) -> 18 | C14: =SUMIF(每日计划!C5:C67,A14,每日计划!H5:H67) -> 18 | D14: =IFERROR(C14/B14,0) -> 1 | E14: =COUNTIFS(每日计划!C5:C67,A14,每日计划!I5:I67,"已完成") -> 7 | F14: =IF(E14=0,"未开始",IF(D14>=0.9,"达标",IF(D14>=0.7,"推进中","需补课"))) -> 达标
A15: 第2周 | B15: =SUMIF(每日计划!C5:C67,A15,每日计划!G5:G67) -> 18 | C15: =SUMIF(每日计划!C5:C67,A15,每日计划!H5:H67) -> 18 | D15: =IFERROR(C15/B15,0) -> 1 | E15: =COUNTIFS(每日计划!C5:C67,A15,每日计划!I5:I67,"已完成") -> 7 | F15: =IF(E15=0,"未开始",IF(D15>=0.9,"达标",IF(D15>=0.7,"推进中","需补课"))) -> 达标
A16: 第3周 | B16: =SUMIF(每日计划!C5:C67,A16,每日计划!G5:G67) -> 18 | C16: =SUMIF(每日计划!C5:C67,A16,每日计划!H5:H67) -> 18 | D16: =IFERROR(C16/B16,0) -> 1 | E16: =COUNTIFS(每日计划!C5:C67,A16,每日计划!I5:I67,"已完成") -> 7 | F16: =IF(E16=0,"未开始",IF(D16>=0.9,"达标",IF(D16>=0.7,"推进中","需补课"))) -> 达标
A17: 第4周 | B17: =SUMIF(每日计划!C5:C67,A17,每日计划!G5:G67) -> 18 | C17: =SUMIF(每日计划!C5:C67,A17,每日计划!H5:H67) -> 2 | D17: =IFERROR(C17/B17,0) -> 0.11111111 | E17: =COUNTIFS(每日计划!C5:C67,A17,每日计划!I5:I67,"已完成") -> 1 | F17: =IF(E17=0,"未开始",IF(D17>=0.9,"达标",IF(D17>=0.7,"推进中","需补课"))) -> 需补课
A18: 第5周 | B18: =SUMIF(每日计划!C5:C67,A18,每日计划!G5:G67) -> 18 | C18: =SUMIF(每日计划!C5:C67,A18,每日计划!H5:H67) -> 0 | D18: =IFERROR(C18/B18,0) -> 0 | E18: =COUNTIFS(每日计划!C5:C67,A18,每日计划!I5:I67,"已完成") -> 0 | F18: =IF(E18=0,"未开始",IF(D18>=0.9,"达标",IF(D18>=0.7,"推进中","需补课"))) -> 未开始
A19: 第6周 | B19: =SUMIF(每日计划!C5:C67,A19,每日计划!G5:G67) -> 18 | C19: =SUMIF(每日计划!C5:C67,A19,每日计划!H5:H67) -> 0 | D19: =IFERROR(C19/B19,0) -> 0 | E19: =COUNTIFS(每日计划!C5:C67,A19,每日计划!I5:I67,"已完成") -> 0 | F19: =IF(E19=0,"未开始",IF(D19>=0.9,"达标",IF(D19>=0.7,"推进中","需补课"))) -> 未开始
A20: 第7周 | B20: =SUMIF(每日计划!C5:C67,A20,每日计划!G5:G67) -> 18 | C20: =SUMIF(每日计划!C5:C67,A20,每日计划!H5:H67) -> 0 | D20: =IFERROR(C20/B20,0) -> 0 | E20: =COUNTIFS(每日计划!C5:C67,A20,每日计划!I5:I67,"已完成") -> 0 | F20: =IF(E20=0,"未开始",IF(D20>=0.9,"达标",IF(D20>=0.7,"推进中","需补课"))) -> 未开始
A21: 第8周 | B21: =SUMIF(每日计划!C5:C67,A21,每日计划!G5:G67) -> 18 | C21: =SUMIF(每日计划!C5:C67,A21,每日计划!H5:H67) -> 0 | D21: =IFERROR(C21/B21,0) -> 0 | E21: =COUNTIFS(每日计划!C5:C67,A21,每日计划!I5:I67,"已完成") -> 0 | F21: =IF(E21=0,"未开始",IF(D21>=0.9,"达标",IF(D21>=0.7,"推进中","需补课"))) -> 未开始
A23: 使用规则 | B23: 使用规则 | C23: 使用规则 | D23: 使用规则 | E23: 使用规则 | F23: 使用规则 | G23: 使用规则 | H23: 使用规则 | I23: 使用规则 | J23: 使用规则 | K23: 使用规则 | L23: 使用规则
A24: 1. 每天在“每日计划”填写实际时长、状态与备注；当天完成率自动更新。 2. 每次模考后立即填写双科成绩、用时和失分原因；目标不是45分压线，而是稳定55分。 3. 每道典型错题写入“错题本”；同一考点与错因出现3次会标红并要求专项训练。 4. 每周更新“考点地图”的练习题数、正确率和自评分；低于65%的专题优先补强。 5. 若某周只能投入14小时，先压缩教材阅读；保留下午题、真题模考和复盘。 | B24: 1. 每天在“每日计划”填写实际时长、状态与备注；当天完成率自动更新。 2. 每次模考后立即填写双科成绩、用时和失分原因；目标不是45分压线，而是稳定55分。 3. 每道典型错题写入“错题本”；同一考点与错因出现3次会标红并要求专项训练。 4. 每周更新“考点地图”的练习题数、正确率和自评分；低于65%的专题优先补强。 5. 若某周只能投入14小时，先压缩教材阅读；保留下午题、真题模考和复盘。 | C24: 1. 每天在“每日计划”填写实际时长、状态与备注；当天完成率自动更新。 2. 每次模考后立即填写双科成绩、用时和失分原因；目标不是45分压线，而是稳定55分。 3. 每道典型错题写入“错题本”；同一考点与错因出现3次会标红并要求专项训练。 4. 每周更新“考点地图”的练习题数、正确率和自评分；低于65%的专题优先补强。 5. 若某周只能投入14小时，先压缩教材阅读；保留下午题、真题模考和复盘。 | D24: 1. 每天在“每日计划”填写实际时长、状态与备注；当天完成率自动更新。 2. 每次模考后立即填写双科成绩、用时和失分原因；目标不是45分压线，而是稳定55分。 3. 每道典型错题写入“错题本”；同一考点与错因出现3次会标红并要求专项训练。 4. 每周更新“考点地图”的练习题数、正确率和自评分；低于65%的专题优先补强。 5. 若某周只能投入14小时，先压缩教材阅读；保留下午题、真题模考和复盘。 | E24: 1. 每天在“每日计划”填写实际时长、状态与备注；当天完成率自动更新。 2. 每次模考后立即填写双科成绩、用时和失分原因；目标不是45分压线，而是稳定55分。 3. 每道典型错题写入“错题本”；同一考点与错因出现3次会标红并要求专项训练。 4. 每周更新“考点地图”的练习题数、正确率和自评分；低于65%的专题优先补强。 5. 若某周只能投入14小时，先压缩教材阅读；保留下午题、真题模考和复盘。 | F24: 1. 每天在“每日计划”填写实际时长、状态与备注；当天完成率自动更新。 2. 每次模考后立即填写双科成绩、用时和失分原因；目标不是45分压线，而是稳定55分。 3. 每道典型错题写入“错题本”；同一考点与错因出现3次会标红并要求专项训练。 4. 每周更新“考点地图”的练习题数、正确率和自评分；低于65%的专题优先补强。 5. 若某周只能投入14小时，先压缩教材阅读；保留下午题、真题模考和复盘。 | G24: 1. 每天在“每日计划”填写实际时长、状态与备注；当天完成率自动更新。 2. 每次模考后立即填写双科成绩、用时和失分原因；目标不是45分压线，而是稳定55分。 3. 每道典型错题写入“错题本”；同一考点与错因出现3次会标红并要求专项训练。 4. 每周更新“考点地图”的练习题数、正确率和自评分；低于65%的专题优先补强。 5. 若某周只能投入14小时，先压缩教材阅读；保留下午题、真题模考和复盘。 | H24: 1. 每天在“每日计划”填写实际时长、状态与备注；当天完成率自动更新。 2. 每次模考后立即填写双科成绩、用时和失分原因；目标不是45分压线，而是稳定55分。 3. 每道典型错题写入“错题本”；同一考点与错因出现3次会标红并要求专项训练。 4. 每周更新“考点地图”的练习题数、正确率和自评分；低于65%的专题优先补强。 5. 若某周只能投入14小时，先压缩教材阅读；保留下午题、真题模考和复盘。 | I24: 1. 每天在“每日计划”填写实际时长、状态与备注；当天完成率自动更新。 2. 每次模考后立即填写双科成绩、用时和失分原因；目标不是45分压线，而是稳定55分。 3. 每道典型错题写入“错题本”；同一考点与错因出现3次会标红并要求专项训练。 4. 每周更新“考点地图”的练习题数、正确率和自评分；低于65%的专题优先补强。 5. 若某周只能投入14小时，先压缩教材阅读；保留下午题、真题模考和复盘。 | J24: 1. 每天在“每日计划”填写实际时长、状态与备注；当天完成率自动更新。 2. 每次模考后立即填写双科成绩、用时和失分原因；目标不是45分压线，而是稳定55分。 3. 每道典型错题写入“错题本”；同一考点与错因出现3次会标红并要求专项训练。 4. 每周更新“考点地图”的练习题数、正确率和自评分；低于65%的专题优先补强。 5. 若某周只能投入14小时，先压缩教材阅读；保留下午题、真题模考和复盘。 | K24: 1. 每天在“每日计划”填写实际时长、状态与备注；当天完成率自动更新。 2. 每次模考后立即填写双科成绩、用时和失分原因；目标不是45分压线，而是稳定55分。 3. 每道典型错题写入“错题本”；同一考点与错因出现3次会标红并要求专项训练。 4. 每周更新“考点地图”的练习题数、正确率和自评分；低于65%的专题优先补强。 5. 若某周只能投入14小时，先压缩教材阅读；保留下午题、真题模考和复盘。 | L24: 1. 每天在“每日计划”填写实际时长、状态与备注；当天完成率自动更新。 2. 每次模考后立即填写双科成绩、用时和失分原因；目标不是45分压线，而是稳定55分。 3. 每道典型错题写入“错题本”；同一考点与错因出现3次会标红并要求专项训练。 4. 每周更新“考点地图”的练习题数、正确率和自评分；低于65%的专题优先补强。 5. 若某周只能投入14小时，先压缩教材阅读；保留下午题、真题模考和复盘。
A25: 1. 每天在“每日计划”填写实际时长、状态与备注；当天完成率自动更新。 2. 每次模考后立即填写双科成绩、用时和失分原因；目标不是45分压线，而是稳定55分。 3. 每道典型错题写入“错题本”；同一考点与错因出现3次会标红并要求专项训练。 4. 每周更新“考点地图”的练习题数、正确率和自评分；低于65%的专题优先补强。 5. 若某周只能投入14小时，先压缩教材阅读；保留下午题、真题模考和复盘。 | B25: 1. 每天在“每日计划”填写实际时长、状态与备注；当天完成率自动更新。 2. 每次模考后立即填写双科成绩、用时和失分原因；目标不是45分压线，而是稳定55分。 3. 每道典型错题写入“错题本”；同一考点与错因出现3次会标红并要求专项训练。 4. 每周更新“考点地图”的练习题数、正确率和自评分；低于65%的专题优先补强。 5. 若某周只能投入14小时，先压缩教材阅读；保留下午题、真题模考和复盘。 | C25: 1. 每天在“每日计划”填写实际时长、状态与备注；当天完成率自动更新。 2. 每次模考后立即填写双科成绩、用时和失分原因；目标不是45分压线，而是稳定55分。 3. 每道典型错题写入“错题本”；同一考点与错因出现3次会标红并要求专项训练。 4. 每周更新“考点地图”的练习题数、正确率和自评分；低于65%的专题优先补强。 5. 若某周只能投入14小时，先压缩教材阅读；保留下午题、真题模考和复盘。 | D25: 1. 每天在“每日计划”填写实际时长、状态与备注；当天完成率自动更新。 2. 每次模考后立即填写双科成绩、用时和失分原因；目标不是45分压线，而是稳定55分。 3. 每道典型错题写入“错题本”；同一考点与错因出现3次会标红并要求专项训练。 4. 每周更新“考点地图”的练习题数、正确率和自评分；低于65%的专题优先补强。 5. 若某周只能投入14小时，先压缩教材阅读；保留下午题、真题模考和复盘。 | E25: 1. 每天在“每日计划”填写实际时长、状态与备注；当天完成率自动更新。 2. 每次模考后立即填写双科成绩、用时和失分原因；目标不是45分压线，而是稳定55分。 3. 每道典型错题写入“错题本”；同一考点与错因出现3次会标红并要求专项训练。 4. 每周更新“考点地图”的练习题数、正确率和自评分；低于65%的专题优先补强。 5. 若某周只能投入14小时，先压缩教材阅读；保留下午题、真题模考和复盘。 | F25: 1. 每天在“每日计划”填写实际时长、状态与备注；当天完成率自动更新。 2. 每次模考后立即填写双科成绩、用时和失分原因；目标不是45分压线，而是稳定55分。 3. 每道典型错题写入“错题本”；同一考点与错因出现3次会标红并要求专项训练。 4. 每周更新“考点地图”的练习题数、正确率和自评分；低于65%的专题优先补强。 5. 若某周只能投入14小时，先压缩教材阅读；保留下午题、真题模考和复盘。 | G25: 1. 每天在“每日计划”填写实际时长、状态与备注；当天完成率自动更新。 2. 每次模考后立即填写双科成绩、用时和失分原因；目标不是45分压线，而是稳定55分。 3. 每道典型错题写入“错题本”；同一考点与错因出现3次会标红并要求专项训练。 4. 每周更新“考点地图”的练习题数、正确率和自评分；低于65%的专题优先补强。 5. 若某周只能投入14小时，先压缩教材阅读；保留下午题、真题模考和复盘。 | H25: 1. 每天在“每日计划”填写实际时长、状态与备注；当天完成率自动更新。 2. 每次模考后立即填写双科成绩、用时和失分原因；目标不是45分压线，而是稳定55分。 3. 每道典型错题写入“错题本”；同一考点与错因出现3次会标红并要求专项训练。 4. 每周更新“考点地图”的练习题数、正确率和自评分；低于65%的专题优先补强。 5. 若某周只能投入14小时，先压缩教材阅读；保留下午题、真题模考和复盘。 | I25: 1. 每天在“每日计划”填写实际时长、状态与备注；当天完成率自动更新。 2. 每次模考后立即填写双科成绩、用时和失分原因；目标不是45分压线，而是稳定55分。 3. 每道典型错题写入“错题本”；同一考点与错因出现3次会标红并要求专项训练。 4. 每周更新“考点地图”的练习题数、正确率和自评分；低于65%的专题优先补强。 5. 若某周只能投入14小时，先压缩教材阅读；保留下午题、真题模考和复盘。 | J25: 1. 每天在“每日计划”填写实际时长、状态与备注；当天完成率自动更新。 2. 每次模考后立即填写双科成绩、用时和失分原因；目标不是45分压线，而是稳定55分。 3. 每道典型错题写入“错题本”；同一考点与错因出现3次会标红并要求专项训练。 4. 每周更新“考点地图”的练习题数、正确率和自评分；低于65%的专题优先补强。 5. 若某周只能投入14小时，先压缩教材阅读；保留下午题、真题模考和复盘。 | K25: 1. 每天在“每日计划”填写实际时长、状态与备注；当天完成率自动更新。 2. 每次模考后立即填写双科成绩、用时和失分原因；目标不是45分压线，而是稳定55分。 3. 每道典型错题写入“错题本”；同一考点与错因出现3次会标红并要求专项训练。 4. 每周更新“考点地图”的练习题数、正确率和自评分；低于65%的专题优先补强。 5. 若某周只能投入14小时，先压缩教材阅读；保留下午题、真题模考和复盘。 | L25: 1. 每天在“每日计划”填写实际时长、状态与备注；当天完成率自动更新。 2. 每次模考后立即填写双科成绩、用时和失分原因；目标不是45分压线，而是稳定55分。 3. 每道典型错题写入“错题本”；同一考点与错因出现3次会标红并要求专项训练。 4. 每周更新“考点地图”的练习题数、正确率和自评分；低于65%的专题优先补强。 5. 若某周只能投入14小时，先压缩教材阅读；保留下午题、真题模考和复盘。
A26: 1. 每天在“每日计划”填写实际时长、状态与备注；当天完成率自动更新。 2. 每次模考后立即填写双科成绩、用时和失分原因；目标不是45分压线，而是稳定55分。 3. 每道典型错题写入“错题本”；同一考点与错因出现3次会标红并要求专项训练。 4. 每周更新“考点地图”的练习题数、正确率和自评分；低于65%的专题优先补强。 5. 若某周只能投入14小时，先压缩教材阅读；保留下午题、真题模考和复盘。 | B26: 1. 每天在“每日计划”填写实际时长、状态与备注；当天完成率自动更新。 2. 每次模考后立即填写双科成绩、用时和失分原因；目标不是45分压线，而是稳定55分。 3. 每道典型错题写入“错题本”；同一考点与错因出现3次会标红并要求专项训练。 4. 每周更新“考点地图”的练习题数、正确率和自评分；低于65%的专题优先补强。 5. 若某周只能投入14小时，先压缩教材阅读；保留下午题、真题模考和复盘。 | C26: 1. 每天在“每日计划”填写实际时长、状态与备注；当天完成率自动更新。 2. 每次模考后立即填写双科成绩、用时和失分原因；目标不是45分压线，而是稳定55分。 3. 每道典型错题写入“错题本”；同一考点与错因出现3次会标红并要求专项训练。 4. 每周更新“考点地图”的练习题数、正确率和自评分；低于65%的专题优先补强。 5. 若某周只能投入14小时，先压缩教材阅读；保留下午题、真题模考和复盘。 | D26: 1. 每天在“每日计划”填写实际时长、状态与备注；当天完成率自动更新。 2. 每次模考后立即填写双科成绩、用时和失分原因；目标不是45分压线，而是稳定55分。 3. 每道典型错题写入“错题本”；同一考点与错因出现3次会标红并要求专项训练。 4. 每周更新“考点地图”的练习题数、正确率和自评分；低于65%的专题优先补强。 5. 若某周只能投入14小时，先压缩教材阅读；保留下午题、真题模考和复盘。 | E26: 1. 每天在“每日计划”填写实际时长、状态与备注；当天完成率自动更新。 2. 每次模考后立即填写双科成绩、用时和失分原因；目标不是45分压线，而是稳定55分。 3. 每道典型错题写入“错题本”；同一考点与错因出现3次会标红并要求专项训练。 4. 每周更新“考点地图”的练习题数、正确率和自评分；低于65%的专题优先补强。 5. 若某周只能投入14小时，先压缩教材阅读；保留下午题、真题模考和复盘。 | F26: 1. 每天在“每日计划”填写实际时长、状态与备注；当天完成率自动更新。 2. 每次模考后立即填写双科成绩、用时和失分原因；目标不是45分压线，而是稳定55分。 3. 每道典型错题写入“错题本”；同一考点与错因出现3次会标红并要求专项训练。 4. 每周更新“考点地图”的练习题数、正确率和自评分；低于65%的专题优先补强。 5. 若某周只能投入14小时，先压缩教材阅读；保留下午题、真题模考和复盘。 | G26: 1. 每天在“每日计划”填写实际时长、状态与备注；当天完成率自动更新。 2. 每次模考后立即填写双科成绩、用时和失分原因；目标不是45分压线，而是稳定55分。 3. 每道典型错题写入“错题本”；同一考点与错因出现3次会标红并要求专项训练。 4. 每周更新“考点地图”的练习题数、正确率和自评分；低于65%的专题优先补强。 5. 若某周只能投入14小时，先压缩教材阅读；保留下午题、真题模考和复盘。 | H26: 1. 每天在“每日计划”填写实际时长、状态与备注；当天完成率自动更新。 2. 每次模考后立即填写双科成绩、用时和失分原因；目标不是45分压线，而是稳定55分。 3. 每道典型错题写入“错题本”；同一考点与错因出现3次会标红并要求专项训练。 4. 每周更新“考点地图”的练习题数、正确率和自评分；低于65%的专题优先补强。 5. 若某周只能投入14小时，先压缩教材阅读；保留下午题、真题模考和复盘。 | I26: 1. 每天在“每日计划”填写实际时长、状态与备注；当天完成率自动更新。 2. 每次模考后立即填写双科成绩、用时和失分原因；目标不是45分压线，而是稳定55分。 3. 每道典型错题写入“错题本”；同一考点与错因出现3次会标红并要求专项训练。 4. 每周更新“考点地图”的练习题数、正确率和自评分；低于65%的专题优先补强。 5. 若某周只能投入14小时，先压缩教材阅读；保留下午题、真题模考和复盘。 | J26: 1. 每天在“每日计划”填写实际时长、状态与备注；当天完成率自动更新。 2. 每次模考后立即填写双科成绩、用时和失分原因；目标不是45分压线，而是稳定55分。 3. 每道典型错题写入“错题本”；同一考点与错因出现3次会标红并要求专项训练。 4. 每周更新“考点地图”的练习题数、正确率和自评分；低于65%的专题优先补强。 5. 若某周只能投入14小时，先压缩教材阅读；保留下午题、真题模考和复盘。 | K26: 1. 每天在“每日计划”填写实际时长、状态与备注；当天完成率自动更新。 2. 每次模考后立即填写双科成绩、用时和失分原因；目标不是45分压线，而是稳定55分。 3. 每道典型错题写入“错题本”；同一考点与错因出现3次会标红并要求专项训练。 4. 每周更新“考点地图”的练习题数、正确率和自评分；低于65%的专题优先补强。 5. 若某周只能投入14小时，先压缩教材阅读；保留下午题、真题模考和复盘。 | L26: 1. 每天在“每日计划”填写实际时长、状态与备注；当天完成率自动更新。 2. 每次模考后立即填写双科成绩、用时和失分原因；目标不是45分压线，而是稳定55分。 3. 每道典型错题写入“错题本”；同一考点与错因出现3次会标红并要求专项训练。 4. 每周更新“考点地图”的练习题数、正确率和自评分；低于65%的专题优先补强。 5. 若某周只能投入14小时，先压缩教材阅读；保留下午题、真题模考和复盘。
A27: 1. 每天在“每日计划”填写实际时长、状态与备注；当天完成率自动更新。 2. 每次模考后立即填写双科成绩、用时和失分原因；目标不是45分压线，而是稳定55分。 3. 每道典型错题写入“错题本”；同一考点与错因出现3次会标红并要求专项训练。 4. 每周更新“考点地图”的练习题数、正确率和自评分；低于65%的专题优先补强。 5. 若某周只能投入14小时，先压缩教材阅读；保留下午题、真题模考和复盘。 | B27: 1. 每天在“每日计划”填写实际时长、状态与备注；当天完成率自动更新。 2. 每次模考后立即填写双科成绩、用时和失分原因；目标不是45分压线，而是稳定55分。 3. 每道典型错题写入“错题本”；同一考点与错因出现3次会标红并要求专项训练。 4. 每周更新“考点地图”的练习题数、正确率和自评分；低于65%的专题优先补强。 5. 若某周只能投入14小时，先压缩教材阅读；保留下午题、真题模考和复盘。 | C27: 1. 每天在“每日计划”填写实际时长、状态与备注；当天完成率自动更新。 2. 每次模考后立即填写双科成绩、用时和失分原因；目标不是45分压线，而是稳定55分。 3. 每道典型错题写入“错题本”；同一考点与错因出现3次会标红并要求专项训练。 4. 每周更新“考点地图”的练习题数、正确率和自评分；低于65%的专题优先补强。 5. 若某周只能投入14小时，先压缩教材阅读；保留下午题、真题模考和复盘。 | D27: 1. 每天在“每日计划”填写实际时长、状态与备注；当天完成率自动更新。 2. 每次模考后立即填写双科成绩、用时和失分原因；目标不是45分压线，而是稳定55分。 3. 每道典型错题写入“错题本”；同一考点与错因出现3次会标红并要求专项训练。 4. 每周更新“考点地图”的练习题数、正确率和自评分；低于65%的专题优先补强。 5. 若某周只能投入14小时，先压缩教材阅读；保留下午题、真题模考和复盘。 | E27: 1. 每天在“每日计划”填写实际时长、状态与备注；当天完成率自动更新。 2. 每次模考后立即填写双科成绩、用时和失分原因；目标不是45分压线，而是稳定55分。 3. 每道典型错题写入“错题本”；同一考点与错因出现3次会标红并要求专项训练。 4. 每周更新“考点地图”的练习题数、正确率和自评分；低于65%的专题优先补强。 5. 若某周只能投入14小时，先压缩教材阅读；保留下午题、真题模考和复盘。 | F27: 1. 每天在“每日计划”填写实际时长、状态与备注；当天完成率自动更新。 2. 每次模考后立即填写双科成绩、用时和失分原因；目标不是45分压线，而是稳定55分。 3. 每道典型错题写入“错题本”；同一考点与错因出现3次会标红并要求专项训练。 4. 每周更新“考点地图”的练习题数、正确率和自评分；低于65%的专题优先补强。 5. 若某周只能投入14小时，先压缩教材阅读；保留下午题、真题模考和复盘。 | G27: 1. 每天在“每日计划”填写实际时长、状态与备注；当天完成率自动更新。 2. 每次模考后立即填写双科成绩、用时和失分原因；目标不是45分压线，而是稳定55分。 3. 每道典型错题写入“错题本”；同一考点与错因出现3次会标红并要求专项训练。 4. 每周更新“考点地图”的练习题数、正确率和自评分；低于65%的专题优先补强。 5. 若某周只能投入14小时，先压缩教材阅读；保留下午题、真题模考和复盘。 | H27: 1. 每天在“每日计划”填写实际时长、状态与备注；当天完成率自动更新。 2. 每次模考后立即填写双科成绩、用时和失分原因；目标不是45分压线，而是稳定55分。 3. 每道典型错题写入“错题本”；同一考点与错因出现3次会标红并要求专项训练。 4. 每周更新“考点地图”的练习题数、正确率和自评分；低于65%的专题优先补强。 5. 若某周只能投入14小时，先压缩教材阅读；保留下午题、真题模考和复盘。 | I27: 1. 每天在“每日计划”填写实际时长、状态与备注；当天完成率自动更新。 2. 每次模考后立即填写双科成绩、用时和失分原因；目标不是45分压线，而是稳定55分。 3. 每道典型错题写入“错题本”；同一考点与错因出现3次会标红并要求专项训练。 4. 每周更新“考点地图”的练习题数、正确率和自评分；低于65%的专题优先补强。 5. 若某周只能投入14小时，先压缩教材阅读；保留下午题、真题模考和复盘。 | J27: 1. 每天在“每日计划”填写实际时长、状态与备注；当天完成率自动更新。 2. 每次模考后立即填写双科成绩、用时和失分原因；目标不是45分压线，而是稳定55分。 3. 每道典型错题写入“错题本”；同一考点与错因出现3次会标红并要求专项训练。 4. 每周更新“考点地图”的练习题数、正确率和自评分；低于65%的专题优先补强。 5. 若某周只能投入14小时，先压缩教材阅读；保留下午题、真题模考和复盘。 | K27: 1. 每天在“每日计划”填写实际时长、状态与备注；当天完成率自动更新。 2. 每次模考后立即填写双科成绩、用时和失分原因；目标不是45分压线，而是稳定55分。 3. 每道典型错题写入“错题本”；同一考点与错因出现3次会标红并要求专项训练。 4. 每周更新“考点地图”的练习题数、正确率和自评分；低于65%的专题优先补强。 5. 若某周只能投入14小时，先压缩教材阅读；保留下午题、真题模考和复盘。 | L27: 1. 每天在“每日计划”填写实际时长、状态与备注；当天完成率自动更新。 2. 每次模考后立即填写双科成绩、用时和失分原因；目标不是45分压线，而是稳定55分。 3. 每道典型错题写入“错题本”；同一考点与错因出现3次会标红并要求专项训练。 4. 每周更新“考点地图”的练习题数、正确率和自评分；低于65%的专题优先补强。 5. 若某周只能投入14小时，先压缩教材阅读；保留下午题、真题模考和复盘。
A28: 1. 每天在“每日计划”填写实际时长、状态与备注；当天完成率自动更新。 2. 每次模考后立即填写双科成绩、用时和失分原因；目标不是45分压线，而是稳定55分。 3. 每道典型错题写入“错题本”；同一考点与错因出现3次会标红并要求专项训练。 4. 每周更新“考点地图”的练习题数、正确率和自评分；低于65%的专题优先补强。 5. 若某周只能投入14小时，先压缩教材阅读；保留下午题、真题模考和复盘。 | B28: 1. 每天在“每日计划”填写实际时长、状态与备注；当天完成率自动更新。 2. 每次模考后立即填写双科成绩、用时和失分原因；目标不是45分压线，而是稳定55分。 3. 每道典型错题写入“错题本”；同一考点与错因出现3次会标红并要求专项训练。 4. 每周更新“考点地图”的练习题数、正确率和自评分；低于65%的专题优先补强。 5. 若某周只能投入14小时，先压缩教材阅读；保留下午题、真题模考和复盘。 | C28: 1. 每天在“每日计划”填写实际时长、状态与备注；当天完成率自动更新。 2. 每次模考后立即填写双科成绩、用时和失分原因；目标不是45分压线，而是稳定55分。 3. 每道典型错题写入“错题本”；同一考点与错因出现3次会标红并要求专项训练。 4. 每周更新“考点地图”的练习题数、正确率和自评分；低于65%的专题优先补强。 5. 若某周只能投入14小时，先压缩教材阅读；保留下午题、真题模考和复盘。 | D28: 1. 每天在“每日计划”填写实际时长、状态与备注；当天完成率自动更新。 2. 每次模考后立即填写双科成绩、用时和失分原因；目标不是45分压线，而是稳定55分。 3. 每道典型错题写入“错题本”；同一考点与错因出现3次会标红并要求专项训练。 4. 每周更新“考点地图”的练习题数、正确率和自评分；低于65%的专题优先补强。 5. 若某周只能投入14小时，先压缩教材阅读；保留下午题、真题模考和复盘。 | E28: 1. 每天在“每日计划”填写实际时长、状态与备注；当天完成率自动更新。 2. 每次模考后立即填写双科成绩、用时和失分原因；目标不是45分压线，而是稳定55分。 3. 每道典型错题写入“错题本”；同一考点与错因出现3次会标红并要求专项训练。 4. 每周更新“考点地图”的练习题数、正确率和自评分；低于65%的专题优先补强。 5. 若某周只能投入14小时，先压缩教材阅读；保留下午题、真题模考和复盘。 | F28: 1. 每天在“每日计划”填写实际时长、状态与备注；当天完成率自动更新。 2. 每次模考后立即填写双科成绩、用时和失分原因；目标不是45分压线，而是稳定55分。 3. 每道典型错题写入“错题本”；同一考点与错因出现3次会标红并要求专项训练。 4. 每周更新“考点地图”的练习题数、正确率和自评分；低于65%的专题优先补强。 5. 若某周只能投入14小时，先压缩教材阅读；保留下午题、真题模考和复盘。 | G28: 1. 每天在“每日计划”填写实际时长、状态与备注；当天完成率自动更新。 2. 每次模考后立即填写双科成绩、用时和失分原因；目标不是45分压线，而是稳定55分。 3. 每道典型错题写入“错题本”；同一考点与错因出现3次会标红并要求专项训练。 4. 每周更新“考点地图”的练习题数、正确率和自评分；低于65%的专题优先补强。 5. 若某周只能投入14小时，先压缩教材阅读；保留下午题、真题模考和复盘。 | H28: 1. 每天在“每日计划”填写实际时长、状态与备注；当天完成率自动更新。 2. 每次模考后立即填写双科成绩、用时和失分原因；目标不是45分压线，而是稳定55分。 3. 每道典型错题写入“错题本”；同一考点与错因出现3次会标红并要求专项训练。 4. 每周更新“考点地图”的练习题数、正确率和自评分；低于65%的专题优先补强。 5. 若某周只能投入14小时，先压缩教材阅读；保留下午题、真题模考和复盘。 | I28: 1. 每天在“每日计划”填写实际时长、状态与备注；当天完成率自动更新。 2. 每次模考后立即填写双科成绩、用时和失分原因；目标不是45分压线，而是稳定55分。 3. 每道典型错题写入“错题本”；同一考点与错因出现3次会标红并要求专项训练。 4. 每周更新“考点地图”的练习题数、正确率和自评分；低于65%的专题优先补强。 5. 若某周只能投入14小时，先压缩教材阅读；保留下午题、真题模考和复盘。 | J28: 1. 每天在“每日计划”填写实际时长、状态与备注；当天完成率自动更新。 2. 每次模考后立即填写双科成绩、用时和失分原因；目标不是45分压线，而是稳定55分。 3. 每道典型错题写入“错题本”；同一考点与错因出现3次会标红并要求专项训练。 4. 每周更新“考点地图”的练习题数、正确率和自评分；低于65%的专题优先补强。 5. 若某周只能投入14小时，先压缩教材阅读；保留下午题、真题模考和复盘。 | K28: 1. 每天在“每日计划”填写实际时长、状态与备注；当天完成率自动更新。 2. 每次模考后立即填写双科成绩、用时和失分原因；目标不是45分压线，而是稳定55分。 3. 每道典型错题写入“错题本”；同一考点与错因出现3次会标红并要求专项训练。 4. 每周更新“考点地图”的练习题数、正确率和自评分；低于65%的专题优先补强。 5. 若某周只能投入14小时，先压缩教材阅读；保留下午题、真题模考和复盘。 | L28: 1. 每天在“每日计划”填写实际时长、状态与备注；当天完成率自动更新。 2. 每次模考后立即填写双科成绩、用时和失分原因；目标不是45分压线，而是稳定55分。 3. 每道典型错题写入“错题本”；同一考点与错因出现3次会标红并要求专项训练。 4. 每周更新“考点地图”的练习题数、正确率和自评分；低于65%的专题优先补强。 5. 若某周只能投入14小时，先压缩教材阅读；保留下午题、真题模考和复盘。
A30: 考试与资料来源 | B30: 考试与资料来源 | C30: 考试与资料来源 | D30: 考试与资料来源 | E30: 考试与资料来源 | F30: 考试与资料来源 | G30: 考试与资料来源 | H30: 考试与资料来源 | I30: 考试与资料来源 | J30: 考试与资料来源 | K30: 考试与资料来源 | L30: 考试与资料来源
A31: 2026年下半年考试窗口（10月24—27日）：https://www.miiteec.org.cn/news_details?code=17726402B5ZXG7PC 合格标准说明（各科75分、通常45分合格）：https://gxt.hunan.gov.cn/gxt/rkb/jsjtzgg/202212/t20221216_29163013.html 官方教程信息《软件设计师教程（第5版）》：https://www.tup.tsinghua.edu.cn/bookscenter/book_07552001.html 具体考试场次、地点与批次以本人准考证为准。 | B31: 2026年下半年考试窗口（10月24—27日）：https://www.miiteec.org.cn/news_details?code=17726402B5ZXG7PC 合格标准说明（各科75分、通常45分合格）：https://gxt.hunan.gov.cn/gxt/rkb/jsjtzgg/202212/t20221216_29163013.html 官方教程信息《软件设计师教程（第5版）》：https://www.tup.tsinghua.edu.cn/bookscenter/book_07552001.html 具体考试场次、地点与批次以本人准考证为准。 | C31: 2026年下半年考试窗口（10月24—27日）：https://www.miiteec.org.cn/news_details?code=17726402B5ZXG7PC 合格标准说明（各科75分、通常45分合格）：https://gxt.hunan.gov.cn/gxt/rkb/jsjtzgg/202212/t20221216_29163013.html 官方教程信息《软件设计师教程（第5版）》：https://www.tup.tsinghua.edu.cn/bookscenter/book_07552001.html 具体考试场次、地点与批次以本人准考证为准。 | D31: 2026年下半年考试窗口（10月24—27日）：https://www.miiteec.org.cn/news_details?code=17726402B5ZXG7PC 合格标准说明（各科75分、通常45分合格）：https://gxt.hunan.gov.cn/gxt/rkb/jsjtzgg/202212/t20221216_29163013.html 官方教程信息《软件设计师教程（第5版）》：https://www.tup.tsinghua.edu.cn/bookscenter/book_07552001.html 具体考试场次、地点与批次以本人准考证为准。 | E31: 2026年下半年考试窗口（10月24—27日）：https://www.miiteec.org.cn/news_details?code=17726402B5ZXG7PC 合格标准说明（各科75分、通常45分合格）：https://gxt.hunan.gov.cn/gxt/rkb/jsjtzgg/202212/t20221216_29163013.html 官方教程信息《软件设计师教程（第5版）》：https://www.tup.tsinghua.edu.cn/bookscenter/book_07552001.html 具体考试场次、地点与批次以本人准考证为准。 | F31: 2026年下半年考试窗口（10月24—27日）：https://www.miiteec.org.cn/news_details?code=17726402B5ZXG7PC 合格标准说明（各科75分、通常45分合格）：https://gxt.hunan.gov.cn/gxt/rkb/jsjtzgg/202212/t20221216_29163013.html 官方教程信息《软件设计师教程（第5版）》：https://www.tup.tsinghua.edu.cn/bookscenter/book_07552001.html 具体考试场次、地点与批次以本人准考证为准。 | G31: 2026年下半年考试窗口（10月24—27日）：https://www.miiteec.org.cn/news_details?code=17726402B5ZXG7PC 合格标准说明（各科75分、通常45分合格）：https://gxt.hunan.gov.cn/gxt/rkb/jsjtzgg/202212/t20221216_29163013.html 官方教程信息《软件设计师教程（第5版）》：https://www.tup.tsinghua.edu.cn/bookscenter/book_07552001.html 具体考试场次、地点与批次以本人准考证为准。 | H31: 2026年下半年考试窗口（10月24—27日）：https://www.miiteec.org.cn/news_details?code=17726402B5ZXG7PC 合格标准说明（各科75分、通常45分合格）：https://gxt.hunan.gov.cn/gxt/rkb/jsjtzgg/202212/t20221216_29163013.html 官方教程信息《软件设计师教程（第5版）》：https://www.tup.tsinghua.edu.cn/bookscenter/book_07552001.html 具体考试场次、地点与批次以本人准考证为准。 | I31: 2026年下半年考试窗口（10月24—27日）：https://www.miiteec.org.cn/news_details?code=17726402B5ZXG7PC 合格标准说明（各科75分、通常45分合格）：https://gxt.hunan.gov.cn/gxt/rkb/jsjtzgg/202212/t20221216_29163013.html 官方教程信息《软件设计师教程（第5版）》：https://www.tup.tsinghua.edu.cn/bookscenter/book_07552001.html 具体考试场次、地点与批次以本人准考证为准。 | J31: 2026年下半年考试窗口（10月24—27日）：https://www.miiteec.org.cn/news_details?code=17726402B5ZXG7PC 合格标准说明（各科75分、通常45分合格）：https://gxt.hunan.gov.cn/gxt/rkb/jsjtzgg/202212/t20221216_29163013.html 官方教程信息《软件设计师教程（第5版）》：https://www.tup.tsinghua.edu.cn/bookscenter/book_07552001.html 具体考试场次、地点与批次以本人准考证为准。 | K31: 2026年下半年考试窗口（10月24—27日）：https://www.miiteec.org.cn/news_details?code=17726402B5ZXG7PC 合格标准说明（各科75分、通常45分合格）：https://gxt.hunan.gov.cn/gxt/rkb/jsjtzgg/202212/t20221216_29163013.html 官方教程信息《软件设计师教程（第5版）》：https://www.tup.tsinghua.edu.cn/bookscenter/book_07552001.html 具体考试场次、地点与批次以本人准考证为准。 | L31: 2026年下半年考试窗口（10月24—27日）：https://www.miiteec.org.cn/news_details?code=17726402B5ZXG7PC 合格标准说明（各科75分、通常45分合格）：https://gxt.hunan.gov.cn/gxt/rkb/jsjtzgg/202212/t20221216_29163013.html 官方教程信息《软件设计师教程（第5版）》：https://www.tup.tsinghua.edu.cn/bookscenter/book_07552001.html 具体考试场次、地点与批次以本人准考证为准。
A32: 2026年下半年考试窗口（10月24—27日）：https://www.miiteec.org.cn/news_details?code=17726402B5ZXG7PC 合格标准说明（各科75分、通常45分合格）：https://gxt.hunan.gov.cn/gxt/rkb/jsjtzgg/202212/t20221216_29163013.html 官方教程信息《软件设计师教程（第5版）》：https://www.tup.tsinghua.edu.cn/bookscenter/book_07552001.html 具体考试场次、地点与批次以本人准考证为准。 | B32: 2026年下半年考试窗口（10月24—27日）：https://www.miiteec.org.cn/news_details?code=17726402B5ZXG7PC 合格标准说明（各科75分、通常45分合格）：https://gxt.hunan.gov.cn/gxt/rkb/jsjtzgg/202212/t20221216_29163013.html 官方教程信息《软件设计师教程（第5版）》：https://www.tup.tsinghua.edu.cn/bookscenter/book_07552001.html 具体考试场次、地点与批次以本人准考证为准。 | C32: 2026年下半年考试窗口（10月24—27日）：https://www.miiteec.org.cn/news_details?code=17726402B5ZXG7PC 合格标准说明（各科75分、通常45分合格）：https://gxt.hunan.gov.cn/gxt/rkb/jsjtzgg/202212/t20221216_29163013.html 官方教程信息《软件设计师教程（第5版）》：https://www.tup.tsinghua.edu.cn/bookscenter/book_07552001.html 具体考试场次、地点与批次以本人准考证为准。 | D32: 2026年下半年考试窗口（10月24—27日）：https://www.miiteec.org.cn/news_details?code=17726402B5ZXG7PC 合格标准说明（各科75分、通常45分合格）：https://gxt.hunan.gov.cn/gxt/rkb/jsjtzgg/202212/t20221216_29163013.html 官方教程信息《软件设计师教程（第5版）》：https://www.tup.tsinghua.edu.cn/bookscenter/book_07552001.html 具体考试场次、地点与批次以本人准考证为准。 | E32: 2026年下半年考试窗口（10月24—27日）：https://www.miiteec.org.cn/news_details?code=17726402B5ZXG7PC 合格标准说明（各科75分、通常45分合格）：https://gxt.hunan.gov.cn/gxt/rkb/jsjtzgg/202212/t20221216_29163013.html 官方教程信息《软件设计师教程（第5版）》：https://www.tup.tsinghua.edu.cn/bookscenter/book_07552001.html 具体考试场次、地点与批次以本人准考证为准。 | F32: 2026年下半年考试窗口（10月24—27日）：https://www.miiteec.org.cn/news_details?code=17726402B5ZXG7PC 合格标准说明（各科75分、通常45分合格）：https://gxt.hunan.gov.cn/gxt/rkb/jsjtzgg/202212/t20221216_29163013.html 官方教程信息《软件设计师教程（第5版）》：https://www.tup.tsinghua.edu.cn/bookscenter/book_07552001.html 具体考试场次、地点与批次以本人准考证为准。 | G32: 2026年下半年考试窗口（10月24—27日）：https://www.miiteec.org.cn/news_details?code=17726402B5ZXG7PC 合格标准说明（各科75分、通常45分合格）：https://gxt.hunan.gov.cn/gxt/rkb/jsjtzgg/202212/t20221216_29163013.html 官方教程信息《软件设计师教程（第5版）》：https://www.tup.tsinghua.edu.cn/bookscenter/book_07552001.html 具体考试场次、地点与批次以本人准考证为准。 | H32: 2026年下半年考试窗口（10月24—27日）：https://www.miiteec.org.cn/news_details?code=17726402B5ZXG7PC 合格标准说明（各科75分、通常45分合格）：https://gxt.hunan.gov.cn/gxt/rkb/jsjtzgg/202212/t20221216_29163013.html 官方教程信息《软件设计师教程（第5版）》：https://www.tup.tsinghua.edu.cn/bookscenter/book_07552001.html 具体考试场次、地点与批次以本人准考证为准。 | I32: 2026年下半年考试窗口（10月24—27日）：https://www.miiteec.org.cn/news_details?code=17726402B5ZXG7PC 合格标准说明（各科75分、通常45分合格）：https://gxt.hunan.gov.cn/gxt/rkb/jsjtzgg/202212/t20221216_29163013.html 官方教程信息《软件设计师教程（第5版）》：https://www.tup.tsinghua.edu.cn/bookscenter/book_07552001.html 具体考试场次、地点与批次以本人准考证为准。 | J32: 2026年下半年考试窗口（10月24—27日）：https://www.miiteec.org.cn/news_details?code=17726402B5ZXG7PC 合格标准说明（各科75分、通常45分合格）：https://gxt.hunan.gov.cn/gxt/rkb/jsjtzgg/202212/t20221216_29163013.html 官方教程信息《软件设计师教程（第5版）》：https://www.tup.tsinghua.edu.cn/bookscenter/book_07552001.html 具体考试场次、地点与批次以本人准考证为准。 | K32: 2026年下半年考试窗口（10月24—27日）：https://www.miiteec.org.cn/news_details?code=17726402B5ZXG7PC 合格标准说明（各科75分、通常45分合格）：https://gxt.hunan.gov.cn/gxt/rkb/jsjtzgg/202212/t20221216_29163013.html 官方教程信息《软件设计师教程（第5版）》：https://www.tup.tsinghua.edu.cn/bookscenter/book_07552001.html 具体考试场次、地点与批次以本人准考证为准。 | L32: 2026年下半年考试窗口（10月24—27日）：https://www.miiteec.org.cn/news_details?code=17726402B5ZXG7PC 合格标准说明（各科75分、通常45分合格）：https://gxt.hunan.gov.cn/gxt/rkb/jsjtzgg/202212/t20221216_29163013.html 官方教程信息《软件设计师教程（第5版）》：https://www.tup.tsinghua.edu.cn/bookscenter/book_07552001.html 具体考试场次、地点与批次以本人准考证为准。
A33: 2026年下半年考试窗口（10月24—27日）：https://www.miiteec.org.cn/news_details?code=17726402B5ZXG7PC 合格标准说明（各科75分、通常45分合格）：https://gxt.hunan.gov.cn/gxt/rkb/jsjtzgg/202212/t20221216_29163013.html 官方教程信息《软件设计师教程（第5版）》：https://www.tup.tsinghua.edu.cn/bookscenter/book_07552001.html 具体考试场次、地点与批次以本人准考证为准。 | B33: 2026年下半年考试窗口（10月24—27日）：https://www.miiteec.org.cn/news_details?code=17726402B5ZXG7PC 合格标准说明（各科75分、通常45分合格）：https://gxt.hunan.gov.cn/gxt/rkb/jsjtzgg/202212/t20221216_29163013.html 官方教程信息《软件设计师教程（第5版）》：https://www.tup.tsinghua.edu.cn/bookscenter/book_07552001.html 具体考试场次、地点与批次以本人准考证为准。 | C33: 2026年下半年考试窗口（10月24—27日）：https://www.miiteec.org.cn/news_details?code=17726402B5ZXG7PC 合格标准说明（各科75分、通常45分合格）：https://gxt.hunan.gov.cn/gxt/rkb/jsjtzgg/202212/t20221216_29163013.html 官方教程信息《软件设计师教程（第5版）》：https://www.tup.tsinghua.edu.cn/bookscenter/book_07552001.html 具体考试场次、地点与批次以本人准考证为准。 | D33: 2026年下半年考试窗口（10月24—27日）：https://www.miiteec.org.cn/news_details?code=17726402B5ZXG7PC 合格标准说明（各科75分、通常45分合格）：https://gxt.hunan.gov.cn/gxt/rkb/jsjtzgg/202212/t20221216_29163013.html 官方教程信息《软件设计师教程（第5版）》：https://www.tup.tsinghua.edu.cn/bookscenter/book_07552001.html 具体考试场次、地点与批次以本人准考证为准。 | E33: 2026年下半年考试窗口（10月24—27日）：https://www.miiteec.org.cn/news_details?code=17726402B5ZXG7PC 合格标准说明（各科75分、通常45分合格）：https://gxt.hunan.gov.cn/gxt/rkb/jsjtzgg/202212/t20221216_29163013.html 官方教程信息《软件设计师教程（第5版）》：https://www.tup.tsinghua.edu.cn/bookscenter/book_07552001.html 具体考试场次、地点与批次以本人准考证为准。 | F33: 2026年下半年考试窗口（10月24—27日）：https://www.miiteec.org.cn/news_details?code=17726402B5ZXG7PC 合格标准说明（各科75分、通常45分合格）：https://gxt.hunan.gov.cn/gxt/rkb/jsjtzgg/202212/t20221216_29163013.html 官方教程信息《软件设计师教程（第5版）》：https://www.tup.tsinghua.edu.cn/bookscenter/book_07552001.html 具体考试场次、地点与批次以本人准考证为准。 | G33: 2026年下半年考试窗口（10月24—27日）：https://www.miiteec.org.cn/news_details?code=17726402B5ZXG7PC 合格标准说明（各科75分、通常45分合格）：https://gxt.hunan.gov.cn/gxt/rkb/jsjtzgg/202212/t20221216_29163013.html 官方教程信息《软件设计师教程（第5版）》：https://www.tup.tsinghua.edu.cn/bookscenter/book_07552001.html 具体考试场次、地点与批次以本人准考证为准。 | H33: 2026年下半年考试窗口（10月24—27日）：https://www.miiteec.org.cn/news_details?code=17726402B5ZXG7PC 合格标准说明（各科75分、通常45分合格）：https://gxt.hunan.gov.cn/gxt/rkb/jsjtzgg/202212/t20221216_29163013.html 官方教程信息《软件设计师教程（第5版）》：https://www.tup.tsinghua.edu.cn/bookscenter/book_07552001.html 具体考试场次、地点与批次以本人准考证为准。 | I33: 2026年下半年考试窗口（10月24—27日）：https://www.miiteec.org.cn/news_details?code=17726402B5ZXG7PC 合格标准说明（各科75分、通常45分合格）：https://gxt.hunan.gov.cn/gxt/rkb/jsjtzgg/202212/t20221216_29163013.html 官方教程信息《软件设计师教程（第5版）》：https://www.tup.tsinghua.edu.cn/bookscenter/book_07552001.html 具体考试场次、地点与批次以本人准考证为准。 | J33: 2026年下半年考试窗口（10月24—27日）：https://www.miiteec.org.cn/news_details?code=17726402B5ZXG7PC 合格标准说明（各科75分、通常45分合格）：https://gxt.hunan.gov.cn/gxt/rkb/jsjtzgg/202212/t20221216_29163013.html 官方教程信息《软件设计师教程（第5版）》：https://www.tup.tsinghua.edu.cn/bookscenter/book_07552001.html 具体考试场次、地点与批次以本人准考证为准。 | K33: 2026年下半年考试窗口（10月24—27日）：https://www.miiteec.org.cn/news_details?code=17726402B5ZXG7PC 合格标准说明（各科75分、通常45分合格）：https://gxt.hunan.gov.cn/gxt/rkb/jsjtzgg/202212/t20221216_29163013.html 官方教程信息《软件设计师教程（第5版）》：https://www.tup.tsinghua.edu.cn/bookscenter/book_07552001.html 具体考试场次、地点与批次以本人准考证为准。 | L33: 2026年下半年考试窗口（10月24—27日）：https://www.miiteec.org.cn/news_details?code=17726402B5ZXG7PC 合格标准说明（各科75分、通常45分合格）：https://gxt.hunan.gov.cn/gxt/rkb/jsjtzgg/202212/t20221216_29163013.html 官方教程信息《软件设计师教程（第5版）》：https://www.tup.tsinghua.edu.cn/bookscenter/book_07552001.html 具体考试场次、地点与批次以本人准考证为准。
A34: 2026年下半年考试窗口（10月24—27日）：https://www.miiteec.org.cn/news_details?code=17726402B5ZXG7PC 合格标准说明（各科75分、通常45分合格）：https://gxt.hunan.gov.cn/gxt/rkb/jsjtzgg/202212/t20221216_29163013.html 官方教程信息《软件设计师教程（第5版）》：https://www.tup.tsinghua.edu.cn/bookscenter/book_07552001.html 具体考试场次、地点与批次以本人准考证为准。 | B34: 2026年下半年考试窗口（10月24—27日）：https://www.miiteec.org.cn/news_details?code=17726402B5ZXG7PC 合格标准说明（各科75分、通常45分合格）：https://gxt.hunan.gov.cn/gxt/rkb/jsjtzgg/202212/t20221216_29163013.html 官方教程信息《软件设计师教程（第5版）》：https://www.tup.tsinghua.edu.cn/bookscenter/book_07552001.html 具体考试场次、地点与批次以本人准考证为准。 | C34: 2026年下半年考试窗口（10月24—27日）：https://www.miiteec.org.cn/news_details?code=17726402B5ZXG7PC 合格标准说明（各科75分、通常45分合格）：https://gxt.hunan.gov.cn/gxt/rkb/jsjtzgg/202212/t20221216_29163013.html 官方教程信息《软件设计师教程（第5版）》：https://www.tup.tsinghua.edu.cn/bookscenter/book_07552001.html 具体考试场次、地点与批次以本人准考证为准。 | D34: 2026年下半年考试窗口（10月24—27日）：https://www.miiteec.org.cn/news_details?code=17726402B5ZXG7PC 合格标准说明（各科75分、通常45分合格）：https://gxt.hunan.gov.cn/gxt/rkb/jsjtzgg/202212/t20221216_29163013.html 官方教程信息《软件设计师教程（第5版）》：https://www.tup.tsinghua.edu.cn/bookscenter/book_07552001.html 具体考试场次、地点与批次以本人准考证为准。 | E34: 2026年下半年考试窗口（10月24—27日）：https://www.miiteec.org.cn/news_details?code=17726402B5ZXG7PC 合格标准说明（各科75分、通常45分合格）：https://gxt.hunan.gov.cn/gxt/rkb/jsjtzgg/202212/t20221216_29163013.html 官方教程信息《软件设计师教程（第5版）》：https://www.tup.tsinghua.edu.cn/bookscenter/book_07552001.html 具体考试场次、地点与批次以本人准考证为准。 | F34: 2026年下半年考试窗口（10月24—27日）：https://www.miiteec.org.cn/news_details?code=17726402B5ZXG7PC 合格标准说明（各科75分、通常45分合格）：https://gxt.hunan.gov.cn/gxt/rkb/jsjtzgg/202212/t20221216_29163013.html 官方教程信息《软件设计师教程（第5版）》：https://www.tup.tsinghua.edu.cn/bookscenter/book_07552001.html 具体考试场次、地点与批次以本人准考证为准。 | G34: 2026年下半年考试窗口（10月24—27日）：https://www.miiteec.org.cn/news_details?code=17726402B5ZXG7PC 合格标准说明（各科75分、通常45分合格）：https://gxt.hunan.gov.cn/gxt/rkb/jsjtzgg/202212/t20221216_29163013.html 官方教程信息《软件设计师教程（第5版）》：https://www.tup.tsinghua.edu.cn/bookscenter/book_07552001.html 具体考试场次、地点与批次以本人准考证为准。 | H34: 2026年下半年考试窗口（10月24—27日）：https://www.miiteec.org.cn/news_details?code=17726402B5ZXG7PC 合格标准说明（各科75分、通常45分合格）：https://gxt.hunan.gov.cn/gxt/rkb/jsjtzgg/202212/t20221216_29163013.html 官方教程信息《软件设计师教程（第5版）》：https://www.tup.tsinghua.edu.cn/bookscenter/book_07552001.html 具体考试场次、地点与批次以本人准考证为准。 | I34: 2026年下半年考试窗口（10月24—27日）：https://www.miiteec.org.cn/news_details?code=17726402B5ZXG7PC 合格标准说明（各科75分、通常45分合格）：https://gxt.hunan.gov.cn/gxt/rkb/jsjtzgg/202212/t20221216_29163013.html 官方教程信息《软件设计师教程（第5版）》：https://www.tup.tsinghua.edu.cn/bookscenter/book_07552001.html 具体考试场次、地点与批次以本人准考证为准。 | J34: 2026年下半年考试窗口（10月24—27日）：https://www.miiteec.org.cn/news_details?code=17726402B5ZXG7PC 合格标准说明（各科75分、通常45分合格）：https://gxt.hunan.gov.cn/gxt/rkb/jsjtzgg/202212/t20221216_29163013.html 官方教程信息《软件设计师教程（第5版）》：https://www.tup.tsinghua.edu.cn/bookscenter/book_07552001.html 具体考试场次、地点与批次以本人准考证为准。 | K34: 2026年下半年考试窗口（10月24—27日）：https://www.miiteec.org.cn/news_details?code=17726402B5ZXG7PC 合格标准说明（各科75分、通常45分合格）：https://gxt.hunan.gov.cn/gxt/rkb/jsjtzgg/202212/t20221216_29163013.html 官方教程信息《软件设计师教程（第5版）》：https://www.tup.tsinghua.edu.cn/bookscenter/book_07552001.html 具体考试场次、地点与批次以本人准考证为准。 | L34: 2026年下半年考试窗口（10月24—27日）：https://www.miiteec.org.cn/news_details?code=17726402B5ZXG7PC 合格标准说明（各科75分、通常45分合格）：https://gxt.hunan.gov.cn/gxt/rkb/jsjtzgg/202212/t20221216_29163013.html 官方教程信息《软件设计师教程（第5版）》：https://www.tup.tsinghua.edu.cn/bookscenter/book_07552001.html 具体考试场次、地点与批次以本人准考证为准。

Sheet 每日计划
A1: 软件设计师 · 每日执行表 | B1: 软件设计师 · 每日执行表 | C1: 软件设计师 · 每日执行表 | D1: 软件设计师 · 每日执行表 | E1: 软件设计师 · 每日执行表 | F1: 软件设计师 · 每日执行表 | G1: 软件设计师 · 每日执行表 | H1: 软件设计师 · 每日执行表 | I1: 软件设计师 · 每日执行表 | J1: 软件设计师 · 每日执行表 | K1: 软件设计师 · 每日执行表 | L1: 软件设计师 · 每日执行表
A2: 蓝色单元格为每日需要填写的内容；状态与实际时长会自动汇总到“学习总览”。 | B2: 蓝色单元格为每日需要填写的内容；状态与实际时长会自动汇总到“学习总览”。 | C2: 蓝色单元格为每日需要填写的内容；状态与实际时长会自动汇总到“学习总览”。 | D2: 蓝色单元格为每日需要填写的内容；状态与实际时长会自动汇总到“学习总览”。 | E2: 蓝色单元格为每日需要填写的内容；状态与实际时长会自动汇总到“学习总览”。 | F2: 蓝色单元格为每日需要填写的内容；状态与实际时长会自动汇总到“学习总览”。 | G2: 蓝色单元格为每日需要填写的内容；状态与实际时长会自动汇总到“学习总览”。 | H2: 蓝色单元格为每日需要填写的内容；状态与实际时长会自动汇总到“学习总览”。 | I2: 蓝色单元格为每日需要填写的内容；状态与实际时长会自动汇总到“学习总览”。 | J2: 蓝色单元格为每日需要填写的内容；状态与实际时长会自动汇总到“学习总览”。 | K2: 蓝色单元格为每日需要填写的内容；状态与实际时长会自动汇总到“学习总览”。 | L2: 蓝色单元格为每日需要填写的内容；状态与实际时长会自动汇总到“学习总览”。
A4: 日期 | B4: 星期 | C4: 周次 | D4: 阶段 | E4: 今日主题 | F4: 具体任务 | G4: 计划时长(h) | H4: 实际时长(h) | I4: 状态 | J4: 完成率 | K4: 当天产出 | L4: 备注
A5: 46260 | B5: 周三 | C5: 第1周 | D5: 诊断与基础重建 | E5: 摸底·上午卷 | F5: 完成一套近年真题的上午卷；严格记录每道错题所属考点，不查资料。 | G5: 2 | H5: 2 | I5: 已完成 | J5: =IF(I5="已完成",1,IF(I5="进行中",0.5,0)) -> 1 | K5: 上午摸底分数＋首批错题
A6: 46261 | B6: 周四 | C6: 第1周 | D6: 诊断与基础重建 | E6: 摸底·下午卷 | F6: 完成同套真题下午卷；Java选做题固定选择Java；按规范术语作答。 | G6: 2 | H6: 2 | I6: 已完成 | J6: =IF(I6="已完成",1,IF(I6="进行中",0.5,0)) -> 1 | K6: 下午摸底分数＋弱项排序
A7: 46262 | B7: 周五 | C7: 第1周 | D7: 诊断与基础重建 | E7: 数据表示与校验 | F7: 复习进制、补码、浮点数、奇偶校验与海明码；完成25道选择题。 | G7: 2 | H7: 2 | I7: 已完成 | J7: =IF(I7="已完成",1,IF(I7="进行中",0.5,0)) -> 1 | K7: 公式卡片＋25题订正
A8: 46263 | B8: 周六 | C8: 第1周 | D8: 诊断与基础重建 | E8: 计算机组成 | F8: 复习CPU、指令流水线、存储层次、Cache、I/O；完成40道专题题。 | G8: 4 | H8: 4 | I8: 已完成 | J8: =IF(I8="已完成",1,IF(I8="进行中",0.5,0)) -> 1 | K8: 组成原理错题清单
A9: 46264 | B9: 周日 | C9: 第1周 | D9: 诊断与基础重建 | E9: 操作系统 | F9: 复习进程线程、同步互斥、死锁、页式存储、文件系统；完成40题。 | G9: 4 | H9: 4 | I9: 已完成 | J9: =IF(I9="已完成",1,IF(I9="进行中",0.5,0)) -> 1 | K9: 操作系统知识框架
A10: 46265 | B10: 周一 | C10: 第1周 | D10: 诊断与基础重建 | E10: 编译与程序语言 | F10: 复习词法/语法分析、正规式、有限自动机、传值与传址；完成25题。 | G10: 2 | H10: 2 | I10: 已完成 | J10: =IF(I10="已完成",1,IF(I10="进行中",0.5,0)) -> 1 | K10: 编译专题错题
A11: 46266 | B11: 周二 | C11: 第1周 | D11: 诊断与基础重建 | E11: 周复盘 | F11: 重做本周全部错题；统计上午正确率；列出最弱的3个考点。 | G11: 2 | H11: 2 | I11: 已完成 | J11: =IF(I11="已完成",1,IF(I11="进行中",0.5,0)) -> 1 | K11: 第1周复盘＋弱项Top3
A12: 46267 | B12: 周三 | C12: 第2周 | D12: 数据结构与算法 | E12: 线性结构 | F12: 复习线性表、栈、队列、串；完成30道选择题并写出核心操作复杂度。 | G12: 2 | H12: 2 | I12: 已完成 | J12: =IF(I12="已完成",1,IF(I12="进行中",0.5,0)) -> 1 | K12: 复杂度速查表
A13: 46268 | B13: 周四 | C13: 第2周 | D13: 数据结构与算法 | E13: 树与二叉树 | F13: 复习性质、遍历、哈夫曼树、二叉排序树；完成30道选择题。 | G13: 2 | H13: 2 | I13: 已完成 | J13: =IF(I13="已完成",1,IF(I13="进行中",0.5,0)) -> 1 | K13: 树专题错题
A14: 46269 | B14: 周五 | C14: 第2周 | D14: 数据结构与算法 | E14: 图 | F14: 复习存储、遍历、最小生成树、最短路径、拓扑排序；完成25题。 | G14: 2 | H14: 2 | I14: 已完成 | J14: =IF(I14="已完成",1,IF(I14="进行中",0.5,0)) -> 1 | K14: 图算法对照表
A15: 46270 | B15: 周六 | C15: 第2周 | D15: 数据结构与算法 | E15: 查找与排序 | F15: 复习常见查找/排序算法、稳定性和复杂度；完成45题。 | G15: 4 | H15: 4 | I15: 已完成 | J15: =IF(I15="已完成",1,IF(I15="进行中",0.5,0)) -> 1 | K15: 排序算法对照表
A16: 46271 | B16: 周日 | C16: 第2周 | D16: 数据结构与算法 | E16: 算法下午题① | F16: 完成2道算法填空题；先手工跟踪变量，再核对答案并重写。 | G16: 4 | H16: 4 | I16: 已完成 | J16: =IF(I16="已完成",1,IF(I16="进行中",0.5,0)) -> 1 | K16: 2道完整算法题
... A26: 46281 | B26: 周三 | C26: 第4周 | D26: 软件工程与首次计时 | E26: 开发模型与需求 | F26: 复习瀑布、增量、螺旋、敏捷、需求分类与可行性；完成30题。 | G26: 2 | H26: 2 | I26: 已完成 | J26: =IF(I26="已完成",1,IF(I26="进行中",0.5,0)) -> 1 | K26: 模型适用场景表
A27: 46282 | B27: 周四 | C27: 第4周 | D27: 软件工程与首次计时 | E27: 设计与测试 | F27: 复习内聚耦合、白盒/黑盒测试、McCabe复杂度、维护；完成35题。 | G27: 2 | I27: 未开始 | J27: =IF(I27="已完成",1,IF(I27="进行中",0.5,0)) -> 0 | K27: 测试方法对照表
A28: 46283 | B28: 周五 | C28: 第4周 | D28: 软件工程与首次计时 | E28: 质量与项目管理 | F28: 复习质量特性、估算、进度、风险；完成25题并整理公式。 | G28: 2 | I28: 未开始 | J28: =IF(I28="已完成",1,IF(I28="进行中",0.5,0)) -> 0 | K28: 项目管理公式卡
A29: 46284 | B29: 周六 | C29: 第4周 | D29: 软件工程与首次计时 | E29: 计时上午卷 | F29: 120分钟完成一套上午卷；剩余时间逐题标注把握度；目标48分。 | G29: 4 | I29: 未开始 | J29: =IF(I29="已完成",1,IF(I29="进行中",0.5,0)) -> 0 | K29: 上午计时成绩
A30: 46285 | B30: 周日 | C30: 第4周 | D30: 软件工程与首次计时 | E30: 计时下午卷 | F30: 120分钟完成一套下午卷；按题型分配时间；目标42分。 | G30: 4 | I30: 未开始 | J30: =IF(I30="已完成",1,IF(I30="进行中",0.5,0)) -> 0 | K30: 下午计时成绩
A31: 46286 | B31: 周一 | C31: 第4周 | D31: 软件工程与首次计时 | E31: 知识产权与标准化 | F31: 复习著作权、专利、商业秘密、标准分类；完成25题。 | G31: 2 | I31: 未开始 | J31: =IF(I31="已完成",1,IF(I31="进行中",0.5,0)) -> 0 | K31: 法规记忆卡
A32: 46287 | B32: 周二 | C32: 第4周 | D32: 软件工程与首次计时 | E32: 计时卷复盘 | F32: 重做计时卷全部错题；记录知识、混淆、计算、时间四类原因。 | G32: 2 | I32: 未开始 | J32: =IF(I32="已完成",1,IF(I32="进行中",0.5,0)) -> 0 | K32: 第4周复盘
A33: 46288 | B33: 周三 | C33: 第5周 | D33: 下午题专项 | E33: 数据流图 | F33: 完成2道DFD题；训练外部实体、加工、数据存储和数据流判断。 | G33: 2 | I33: 未开始 | J33: =IF(I33="已完成",1,IF(I33="进行中",0.5,0)) -> 0 | K33: DFD答题模板
A34: 46289 | B34: 周四 | C34: 第5周 | D34: 下午题专项 | E34: 数据库设计 | F34: 完成2道数据库设计题；规范写出实体、联系、键及关系模式。 | G34: 2 | I34: 未开始 | J34: =IF(I34="已完成",1,IF(I34="进行中",0.5,0)) -> 0 | K34: 数据库答题模板
A35: 46290 | B35: 周五 | C35: 第5周 | D35: 下午题专项 | E35: UML基础 | F35: 复习用例图、类图、顺序图、状态图；完成2道UML题。 | G35: 2 | I35: 未开始 | J35: =IF(I35="已完成",1,IF(I35="进行中",0.5,0)) -> 0 | K35: UML关系速查表
A36: 46291 | B36: 周六 | C36: 第5周 | D36: 下午题专项 | E36: 结构化分析强化 | F36: 再完成DFD与数据库题各2道；只看题干独立作答后再订正。 | G36: 4 | I36: 未开始 | J36: =IF(I36="已完成",1,IF(I36="进行中",0.5,0)) -> 0 | K36: 4道专项题
A37: 46292 | B37: 周日 | C37: 第5周 | D37: 下午题专项 | E37: 面向对象分析 | F37: 完成3道UML/面向对象题；训练多重度、关系和职责判断。 | G37: 4 | I37: 未开始 | J37: =IF(I37="已完成",1,IF(I37="进行中",0.5,0)) -> 0 | K37: 3道专项题
A38: 46293 | B38: 周一 | C38: 第5周 | D38: 下午题专项 | E38: 术语与步骤整理 | F38: 把DFD、数据库、UML三类题压缩为一页答题步骤和规范术语。 | G38: 2 | I38: 未开始 | J38: =IF(I38="已完成",1,IF(I38="进行中",0.5,0)) -> 0 | K38: 下午题模板一页纸
... A67: 46322 | B67: 周二 | C67: 考前 | D67: 轻量复习/考试 | E67: 考试窗口 | F67: 若今天考试：按准考证赴考；考试结束后停止学习并记录复盘。 | G67: 0.5 | I67: 未开始 | J67: =IF(I67="已完成",1,IF(I67="进行中",0.5,0)) -> 0 | K67: 保持状态或完成考试

Sheet 模考记录
A1: 模考记录 | B1: 模考记录 | C1: 模考记录 | D1: 模考记录 | E1: 模考记录 | F1: 模考记录 | G1: 模考记录 | H1: 模考记录 | I1: 模考记录 | J1: 模考记录 | K1: 模考记录 | L1: 模考记录 | M1: 模考记录 | N1: 模考记录 | O1: 模考记录
A2: 填写蓝色分数与用时；双科通过、差距和趋势图会自动计算。分数范围0—75，总用时范围0—240分钟。 | B2: 填写蓝色分数与用时；双科通过、差距和趋势图会自动计算。分数范围0—75，总用时范围0—240分钟。 | C2: 填写蓝色分数与用时；双科通过、差距和趋势图会自动计算。分数范围0—75，总用时范围0—240分钟。 | D2: 填写蓝色分数与用时；双科通过、差距和趋势图会自动计算。分数范围0—75，总用时范围0—240分钟。 | E2: 填写蓝色分数与用时；双科通过、差距和趋势图会自动计算。分数范围0—75，总用时范围0—240分钟。 | F2: 填写蓝色分数与用时；双科通过、差距和趋势图会自动计算。分数范围0—75，总用时范围0—240分钟。 | G2: 填写蓝色分数与用时；双科通过、差距和趋势图会自动计算。分数范围0—75，总用时范围0—240分钟。 | H2: 填写蓝色分数与用时；双科通过、差距和趋势图会自动计算。分数范围0—75，总用时范围0—240分钟。 | I2: 填写蓝色分数与用时；双科通过、差距和趋势图会自动计算。分数范围0—75，总用时范围0—240分钟。 | J2: 填写蓝色分数与用时；双科通过、差距和趋势图会自动计算。分数范围0—75，总用时范围0—240分钟。 | K2: 填写蓝色分数与用时；双科通过、差距和趋势图会自动计算。分数范围0—75，总用时范围0—240分钟。 | L2: 填写蓝色分数与用时；双科通过、差距和趋势图会自动计算。分数范围0—75，总用时范围0—240分钟。 | M2: 填写蓝色分数与用时；双科通过、差距和趋势图会自动计算。分数范围0—75，总用时范围0—240分钟。 | N2: 填写蓝色分数与用时；双科通过、差距和趋势图会自动计算。分数范围0—75，总用时范围0—240分钟。 | O2: 填写蓝色分数与用时；双科通过、差距和趋势图会自动计算。分数范围0—75，总用时范围0—240分钟。
A4: 日期 | B4: 阶段 | C4: 试卷/场次 | D4: 上午分数 | E4: 下午分数 | F4: 总分 | G4: 双科结果 | H4: 上午目标 | I4: 下午目标 | J4: 上午差距 | K4: 下午差距 | L4: 总用时(分钟) | M4: 已复盘 | N4: 前三失分原因 | O4: 下一步动作
A5: 46261 | B5: 摸底 | C5: 诊断卷 | F5: =IF(COUNT(D5:E5)=0,"",SUM(D5:E5)) | G5: =IF(COUNT(D5:E5)<2,"待填写",IF(AND(D5>=45,E5>=45),"双科通过","未双科通过")) -> 待填写 | H5: 42 | I5: 35 | J5: =IF(D5="","",D5-H5) | K5: =IF(E5="","",E5-I5) | M5: 否
A6: 46285 | B6: 分科计时 | C6: 第4周计时卷 | F6: =IF(COUNT(D6:E6)=0,"",SUM(D6:E6)) | G6: =IF(COUNT(D6:E6)<2,"待填写",IF(AND(D6>=45,E6>=45),"双科通过","未双科通过")) -> 待填写 | H6: 48 | I6: 42 | J6: =IF(D6="","",D6-H6) | K6: =IF(E6="","",E6-I6) | M6: 否
A7: 46298 | B7: 首次连考 | C7: 完整模考① | F7: =IF(COUNT(D7:E7)=0,"",SUM(D7:E7)) | G7: =IF(COUNT(D7:E7)<2,"待填写",IF(AND(D7>=45,E7>=45),"双科通过","未双科通过")) -> 待填写 | H7: 50 | I7: 50 | J7: =IF(D7="","",D7-H7) | K7: =IF(E7="","",E7-I7) | M7: 否
A8: 46305 | B8: 整卷冲刺 | C8: 完整模考② | F8: =IF(COUNT(D8:E8)=0,"",SUM(D8:E8)) | G8: =IF(COUNT(D8:E8)<2,"待填写",IF(AND(D8>=45,E8>=45),"双科通过","未双科通过")) -> 待填写 | H8: 52 | I8: 52 | J8: =IF(D8="","",D8-H8) | K8: =IF(E8="","",E8-I8) | M8: 否
A9: 46307 | B9: 整卷冲刺 | C9: 完整模考③ | F9: =IF(COUNT(D9:E9)=0,"",SUM(D9:E9)) | G9: =IF(COUNT(D9:E9)<2,"待填写",IF(AND(D9>=45,E9>=45),"双科通过","未双科通过")) -> 待填写 | H9: 52 | I9: 52 | J9: =IF(D9="","",D9-H9) | K9: =IF(E9="","",E9-I9) | M9: 否
A10: 46309 | B10: 最终稳定 | C10: 最终模考① | F10: =IF(COUNT(D10:E10)=0,"",SUM(D10:E10)) | G10: =IF(COUNT(D10:E10)<2,"待填写",IF(AND(D10>=45,E10>=45),"双科通过","未双科通过")) -> 待填写 | H10: 55 | I10: 55 | J10: =IF(D10="","",D10-H10) | K10: =IF(E10="","",E10-I10) | M10: 否
A11: 46312 | B11: 最终稳定 | C11: 最终模考② | F11: =IF(COUNT(D11:E11)=0,"",SUM(D11:E11)) | G11: =IF(COUNT(D11:E11)<2,"待填写",IF(AND(D11>=45,E11>=45),"双科通过","未双科通过")) -> 待填写 | H11: 55 | I11: 55 | J11: =IF(D11="","",D11-H11) | K11: =IF(E11="","",E11-I11) | M11: 否
A12: 46314 | B12: 最终稳定 | C12: 最终模考③ | F12: =IF(COUNT(D12:E12)=0,"",SUM(D12:E12)) | G12: =IF(COUNT(D12:E12)<2,"待填写",IF(AND(D12>=45,E12>=45),"双科通过","未双科通过")) -> 待填写 | H12: 55 | I12: 55 | J12: =IF(D12="","",D12-H12) | K12: =IF(E12="","",E12-I12) | M12: 否

Sheet 错题本
A1: 错题本 | B1: 错题本 | C1: 错题本 | D1: 错题本 | E1: 错题本 | F1: 错题本 | G1: 错题本 | H1: 错题本 | I1: 错题本 | J1: 错题本 | K1: 错题本 | L1: 错题本
A2: 错因只使用四类：知识不会、概念混淆、计算失误、时间不足。同一考点与错因出现3次会自动提示专项训练。 | B2: 错因只使用四类：知识不会、概念混淆、计算失误、时间不足。同一考点与错因出现3次会自动提示专项训练。 | C2: 错因只使用四类：知识不会、概念混淆、计算失误、时间不足。同一考点与错因出现3次会自动提示专项训练。 | D2: 错因只使用四类：知识不会、概念混淆、计算失误、时间不足。同一考点与错因出现3次会自动提示专项训练。 | E2: 错因只使用四类：知识不会、概念混淆、计算失误、时间不足。同一考点与错因出现3次会自动提示专项训练。 | F2: 错因只使用四类：知识不会、概念混淆、计算失误、时间不足。同一考点与错因出现3次会自动提示专项训练。 | G2: 错因只使用四类：知识不会、概念混淆、计算失误、时间不足。同一考点与错因出现3次会自动提示专项训练。 | H2: 错因只使用四类：知识不会、概念混淆、计算失误、时间不足。同一考点与错因出现3次会自动提示专项训练。 | I2: 错因只使用四类：知识不会、概念混淆、计算失误、时间不足。同一考点与错因出现3次会自动提示专项训练。 | J2: 错因只使用四类：知识不会、概念混淆、计算失误、时间不足。同一考点与错因出现3次会自动提示专项训练。 | K2: 错因只使用四类：知识不会、概念混淆、计算失误、时间不足。同一考点与错因出现3次会自动提示专项训练。 | L2: 错因只使用四类：知识不会、概念混淆、计算失误、时间不足。同一考点与错因出现3次会自动提示专项训练。
A4: 编号 | B4: 日期 | C4: 科目 | D4: 考点 | E4: 错因类型 | F4: 题目来源 | G4: 错误摘要 | H4: 正确思路 | I4: 一句防错规则 | J4: 同类次数 | K4: 需专项训练 | L4: 已解决
A5: =IF(B5="","",ROW()-4) | J5: =IF(D5="","",COUNTIFS($D$5:D5,D5,$E$5:E5,E5)) | K5: =IF(J5="","",IF(J5>=3,"是","否"))
A6: =IF(B6="","",ROW()-4) | J6: =IF(D6="","",COUNTIFS($D$5:D6,D6,$E$5:E6,E6)) | K6: =IF(J6="","",IF(J6>=3,"是","否"))
A7: =IF(B7="","",ROW()-4) | J7: =IF(D7="","",COUNTIFS($D$5:D7,D7,$E$5:E7,E7)) | K7: =IF(J7="","",IF(J7>=3,"是","否"))
A8: =IF(B8="","",ROW()-4) | J8: =IF(D8="","",COUNTIFS($D$5:D8,D8,$E$5:E8,E8)) | K8: =IF(J8="","",IF(J8>=3,"是","否"))
A9: =IF(B9="","",ROW()-4) | J9: =IF(D9="","",COUNTIFS($D$5:D9,D9,$E$5:E9,E9)) | K9: =IF(J9="","",IF(J9>=3,"是","否"))
A10: =IF(B10="","",ROW()-4) | J10: =IF(D10="","",COUNTIFS($D$5:D10,D10,$E$5:E10,E10)) | K10: =IF(J10="","",IF(J10>=3,"是","否"))
A11: =IF(B11="","",ROW()-4) | J11: =IF(D11="","",COUNTIFS($D$5:D11,D11,$E$5:E11,E11)) | K11: =IF(J11="","",IF(J11>=3,"是","否"))
A12: =IF(B12="","",ROW()-4) | J12: =IF(D12="","",COUNTIFS($D$5:D12,D12,$E$5:E12,E12)) | K12: =IF(J12="","",IF(J12>=3,"是","否"))
A13: =IF(B13="","",ROW()-4) | J13: =IF(D13="","",COUNTIFS($D$5:D13,D13,$E$5:E13,E13)) | K13: =IF(J13="","",IF(J13>=3,"是","否"))
A14: =IF(B14="","",ROW()-4) | J14: =IF(D14="","",COUNTIFS($D$5:D14,D14,$E$5:E14,E14)) | K14: =IF(J14="","",IF(J14>=3,"是","否"))
A15: =IF(B15="","",ROW()-4) | J15: =IF(D15="","",COUNTIFS($D$5:D15,D15,$E$5:E15,E15)) | K15: =IF(J15="","",IF(J15>=3,"是","否"))
A16: =IF(B16="","",ROW()-4) | J16: =IF(D16="","",COUNTIFS($D$5:D16,D16,$E$5:E16,E16)) | K16: =IF(J16="","",IF(J16>=3,"是","否"))
... A204: =IF(B204="","",ROW()-4) | J204: =IF(D204="","",COUNTIFS($D$5:D204,D204,$E$5:E204,E204)) | K204: =IF(J204="","",IF(J204>=3,"是","否"))

Sheet 考点地图
A1: 考点地图 | B1: 考点地图 | C1: 考点地图 | D1: 考点地图 | E1: 考点地图 | F1: 考点地图 | G1: 考点地图 | H1: 考点地图 | I1: 考点地图 | J1: 考点地图 | K1: 考点地图
A2: 每完成一个专题，就填写练习题数、正确率和自评分。状态根据正确率自动判断。 | B2: 每完成一个专题，就填写练习题数、正确率和自评分。状态根据正确率自动判断。 | C2: 每完成一个专题，就填写练习题数、正确率和自评分。状态根据正确率自动判断。 | D2: 每完成一个专题，就填写练习题数、正确率和自评分。状态根据正确率自动判断。 | E2: 每完成一个专题，就填写练习题数、正确率和自评分。状态根据正确率自动判断。 | F2: 每完成一个专题，就填写练习题数、正确率和自评分。状态根据正确率自动判断。 | G2: 每完成一个专题，就填写练习题数、正确率和自评分。状态根据正确率自动判断。 | H2: 每完成一个专题，就填写练习题数、正确率和自评分。状态根据正确率自动判断。 | I2: 每完成一个专题，就填写练习题数、正确率和自评分。状态根据正确率自动判断。 | J2: 每完成一个专题，就填写练习题数、正确率和自评分。状态根据正确率自动判断。 | K2: 每完成一个专题，就填写练习题数、正确率和自评分。状态根据正确率自动判断。
A4: 考点 | B4: 重要度 | C4: 涉及科目 | D4: 通过目标 | E4: 首轮日期 | F4: 二轮日期 | G4: 练习题数 | H4: 正确率 | I4: 状态 | J4: 自评分(1-5) | K4: 备注
A5: 数据表示、校验码 | B5: 中 | C5: 上午 | D5: 掌握进制/补码/浮点/海明码 | E5: 46262 | F5: 46303 | I5: =IF(G5="","未开始",IF(H5>=0.8,"已巩固",IF(H5>=0.65,"训练中","需补强"))) -> 未开始
A6: CPU、流水线、Cache | B6: 高 | C6: 上午 | D6: 计算命中率、流水线时间 | E6: 46263 | F6: 46303 | I6: =IF(G6="","未开始",IF(H6>=0.8,"已巩固",IF(H6>=0.65,"训练中","需补强"))) -> 未开始
A7: 操作系统进程与死锁 | B7: 高 | C7: 上午 | D7: 掌握PV、死锁与调度 | E7: 46264 | F7: 46303 | I7: =IF(G7="","未开始",IF(H7>=0.8,"已巩固",IF(H7>=0.65,"训练中","需补强"))) -> 未开始
A8: 存储与文件系统 | B8: 中 | C8: 上午 | D8: 掌握分页、页面置换、索引 | E8: 46264 | F8: 46303 | I8: =IF(G8="","未开始",IF(H8>=0.8,"已巩固",IF(H8>=0.65,"训练中","需补强"))) -> 未开始
A9: 编译原理与正规式 | B9: 中 | C9: 上午 | D9: 识别编译阶段与自动机 | E9: 46265 | F9: 46303 | I9: =IF(G9="","未开始",IF(H9>=0.8,"已巩固",IF(H9>=0.65,"训练中","需补强"))) -> 未开始
A10: 线性表、栈、队列 | B10: 高 | C10: 上午/下午 | D10: 理解操作与复杂度 | E10: 46267 | F10: 46301 | I10: =IF(G10="","未开始",IF(H10>=0.8,"已巩固",IF(H10>=0.65,"训练中","需补强"))) -> 未开始
A11: 树与二叉树 | B11: 高 | C11: 上午/下午 | D11: 遍历、性质、哈夫曼与BST | E11: 46268 | F11: 46301 | I11: =IF(G11="","未开始",IF(H11>=0.8,"已巩固",IF(H11>=0.65,"训练中","需补强"))) -> 未开始
A12: 图算法 | B12: 高 | C12: 上午/下午 | D12: 遍历、MST、最短路、拓扑 | E12: 46269 | F12: 46301 | I12: =IF(G12="","未开始",IF(H12>=0.8,"已巩固",IF(H12>=0.65,"训练中","需补强"))) -> 未开始
A13: 查找与排序 | B13: 高 | C13: 上午/下午 | D13: 稳定性与复杂度 | E13: 46270 | F13: 46301 | I13: =IF(G13="","未开始",IF(H13>=0.8,"已巩固",IF(H13>=0.65,"训练中","需补强"))) -> 未开始
A14: 算法填空与复杂度 | B14: 高 | C14: 下午 | D14: 独立完成算法题 | E14: 46271 | F14: 46308 | I14: =IF(G14="","未开始",IF(H14>=0.8,"已巩固",IF(H14>=0.65,"训练中","需补强"))) -> 未开始
A15: 关系代数与函数依赖 | B15: 高 | C15: 上午/下午 | D15: 正确推导键与依赖 | E15: 46274 | F15: 46289 | I15: =IF(G15="","未开始",IF(H15>=0.8,"已巩固",IF(H15>=0.65,"训练中","需补强"))) -> 未开始
A16: 范式与模式分解 | B16: 高 | C16: 上午/下午 | D16: 掌握1NF—BCNF | E16: 46275 | F16: 46289 | I16: =IF(G16="","未开始",IF(H16>=0.8,"已巩固",IF(H16>=0.65,"训练中","需补强"))) -> 未开始
... A33: Java继承、多态、接口 | B33: 高 | C33: 下午 | D33: 完成面向对象代码题 | E33: 46300 | F33: 46310 | I33: =IF(G33="","未开始",IF(H33>=0.8,"已巩固",IF(H33>=0.65,"训练中","需补强"))) -> 未开始
